{"loss": [1.5058764415244534, 1.2146291577652708, 1.1102672219276428, 1.0397585499776554, 1.000117768707885, 0.9686324797808852, 0.935480052477693, 0.9165097989448129, 0.8867374873596784, 0.8616770862444351], "accuracy": [0.3772857142857143, 0.5258571428571429, 0.5602857142857143, 0.5922857142857143, 0.6148571428571429, 0.6255714285714286, 0.6387142857142857, 0.6541428571428571, 0.6621428571428571, 0.6735714285714286], "f1": [0.3733704509588829, 0.5173090615542096, 0.5535218266566587, 0.585339039678638, 0.6101042879989653, 0.622075134783325, 0.6354262271082635, 0.6510475022763118, 0.6602821686795731, 0.6712011935379066], "val_loss": [1.2721550540721163, 1.1628265380859375, 1.0416975072089663, 1.0273649603762525, 1.0195787422200466, 0.9243339046518854, 0.8873658509964638, 0.8758566468319995, 0.8612521595143258, 0.8284807737837446], "val_accuracy": [0.496, 0.5446666666666666, 0.576, 0.5746666666666667, 0.6046666666666667, 0.636, 0.6533333333333333, 0.6566666666666666, 0.6553333333333333, 0.686], "val_f1": [0.4852921839346078, 0.5186238189748293, 0.558518484682044, 0.5670552902174807, 0.589700268608423, 0.6310911241396948, 0.6512606780267334, 0.6591873253617427, 0.651034250150788, 0.6852877811741335]}