{"loss": [0.3776575192391965, 0.22181416565369855, 0.18156985723751004, 0.16163018712568247, 0.14126939033947503, 0.1274668150856616, 0.120180715506963, 0.11014241697614315, 0.10553266775314907, 0.09585913019558968], "accuracy": [0.8609732360097324, 0.9264720194647202, 0.940632603406326, 0.9438929440389294, 0.954014598540146, 0.9581508515815085, 0.9608759124087591, 0.9636982968369829, 0.9650121654501217, 0.9695377128953772], "f1": [0.8603774026129937, 0.9262471663946144, 0.9404533683086119, 0.9437437563428722, 0.953918586344267, 0.9580749869116099, 0.9608249158002473, 0.9636453272715779, 0.9649802904869463, 0.9694821352635945], "val_loss": [0.21064630415344585, 0.175418419075077, 0.15259647741238924, 0.15467422396835426, 0.1555031700282479, 0.15760068372701821, 0.14753352234517966, 0.13477149336477337, 0.14762942939895488, 0.13201461545448157], "val_accuracy": [0.929366341131047, 0.9386781739722916, 0.9452645923234159, 0.9484442425618896, 0.9459459459459459, 0.9484442425618896, 0.9502611855553033, 0.9573018396547809, 0.9559391324097206, 0.9600272541449012], "val_f1": [0.9285708489315173, 0.9384344110500834, 0.9448607336275515, 0.948332604778789, 0.9456968935154926, 0.9488292362065361, 0.9502637995255548, 0.9572053525298799, 0.9559086649769395, 0.9601274063985561]}