{"loss": [0.36780499354943424, 0.2146327563070491, 0.17334046175422416, 0.14765369846206014, 0.13042496484132196], "accuracy": [0.8682725060827251, 0.9269099756690997, 0.9438929440389294, 0.950948905109489, 0.9572262773722627], "f1": [0.8677451181638749, 0.9266846821744946, 0.9437988508789634, 0.9508568233661723, 0.9571662117930126], "val_loss": [0.28306088998805784, 0.18842661616972822, 0.20375706565876803, 0.22553570947164428, 0.1372242425703376], "val_accuracy": [0.8982511923688394, 0.9366341131047013, 0.9345900522371111, 0.932318873495344, 0.9541221894163071], "val_f1": [0.8969717145666638, 0.9365195954308041, 0.9340596605188243, 0.9319745458070837, 0.9539925289390034]}